{"1":{"appear":35,"win_count":29,"win_rate":0.8285714285714286},"2":{"appear":10,"win_count":0,"win_rate":0},"3":{"appear":19,"win_count":0,"win_rate":0},"4":{"appear":38,"win_count":18,"win_rate":0.5},"5":{"appear":54,"win_count":23,"win_rate":0.42592592592592593},"6":{"appear":16,"win_count":16,"win_rate":1},"7":{"appear":51,"win_count":38,"win_rate":0.7450980392156863},"8":{"appear":27,"win_count":9,"win_rate":0.3333333333333333},"9":{"appear":23,"win_count":13,"win_rate":0.5909090909090909},"10":{"appear":14,"win_count":14,"win_rate":1},"11":{"appear":66,"win_count":23,"win_rate":0.3484848484848485},"12":{"appear":43,"win_count":15,"win_rate":0.35714285714285715},"13":{"appear":32,"win_count":15,"win_rate":0.5},"14":{"appear":23,"win_count":13,"win_rate":0.5909090909090909},"15":{"appear":41,"win_count":38,"win_rate":0.926829268292683},"16":{"appear":81,"win_count":52,"win_rate":0.65},"17":{"appear":50,"win_count":6,"win_rate":0.13043478260869565},"18":{"appear":109,"win_count":66,"win_rate":0.6055045871559633},"19":{"appear":35,"win_count":28,"win_rate":0.8},"20":{"appear":16,"win_count":0,"win_rate":0},"21":{"appear":72,"win_count":39,"win_rate":0.5571428571428572},"22":{"appear":56,"win_count":32,"win_rate":0.5714285714285714},"23":{"appear":28,"win_count":25,"win_rate":0.8928571428571429},"24":{"appear":104,"win_count":38,"win_rate":0.36893203883495146},"25":{"appear":10,"win_count":0,"win_rate":0},"26":{"appear":12,"win_count":2,"win_rate":0.18181818181818182},"27":{"appear":24,"win_count":24,"win_rate":1},"28":{"appear":28,"win_count":14,"win_rate":0.5185185185185185},"29":{"appear":110,"win_count":50,"win_rate":0.45454545454545453},"30":{"appear":45,"win_count":20,"win_rate":0.45454545454545453},"31":{"appear":82,"win_count":18,"win_rate":0.23376623376623376},"32":{"appear":5,"win_count":0,"win_rate":0},"33":{"appear":29,"win_count":5,"win_rate":0.1724137931034483},"34":{"appear":31,"win_count":30,"win_rate":0.967741935483871},"35":{"appear":2,"win_count":2,"win_rate":1},"36":{"appear":20,"win_count":18,"win_rate":0.9},"37":{"appear":79,"win_count":51,"win_rate":0.6623376623376623},"38":{"appear":20,"win_count":15,"win_rate":0.75},"39":{"appear":32,"win_count":2,"win_rate":0.06896551724137931},"40":{"appear":94,"win_count":39,"win_rate":0.4148936170212766},"41":{"appear":67,"win_count":65,"win_rate":0.9701492537313433},"42":{"appear":18,"win_count":16,"win_rate":0.8888888888888888},"43":{"appear":34,"win_count":14,"win_rate":0.4375},"44":{"appear":37,"win_count":23,"win_rate":0.6216216216216216},"45":{"appear":29,"win_count":24,"win_rate":0.8571428571428571},"48":{"appear":8,"win_count":1,"win_rate":0.14285714285714285},"50":{"appear":17,"win_count":3,"win_rate":0.1875},"51":{"appear":59,"win_count":32,"win_rate":0.5423728813559322},"53":{"appear":67,"win_count":29,"win_rate":0.43283582089552236},"54":{"appear":18,"win_count":11,"win_rate":0.6111111111111112},"55":{"appear":57,"win_count":16,"win_rate":0.3018867924528302},"56":{"appear":2,"win_count":2,"win_rate":1},"57":{"appear":59,"win_count":45,"win_rate":0.7758620689655172},"58":{"appear":21,"win_count":2,"win_rate":0.10526315789473684},"59":{"appear":50,"win_count":8,"win_rate":0.19047619047619047},"60":{"appear":4,"win_count":0,"win_rate":0},"61":{"appear":37,"win_count":7,"win_rate":0.1891891891891892},"62":{"appear":17,"win_count":11,"win_rate":0.6875},"63":{"appear":30,"win_count":25,"win_rate":0.8620689655172413},"64":{"appear":102,"win_count":34,"win_rate":0.33663366336633666},"67":{"appear":176,"win_count":80,"win_rate":0.45454545454545453},"69":{"appear":18,"win_count":8,"win_rate":0.4444444444444444},"74":{"appear":12,"win_count":10,"win_rate":0.8333333333333334},"75":{"appear":144,"win_count":115,"win_rate":0.7986111111111112},"76":{"appear":42,"win_count":14,"win_rate":0.358974358974359},"77":{"appear":38,"win_count":22,"win_rate":0.5789473684210527},"78":{"appear":18,"win_count":13,"win_rate":0.7647058823529411},"79":{"appear":5,"win_count":0,"win_rate":0},"80":{"appear":86,"win_count":30,"win_rate":0.35294117647058826},"81":{"appear":112,"win_count":64,"win_rate":0.5818181818181818},"82":{"appear":16,"win_count":5,"win_rate":0.3125},"83":{"appear":20,"win_count":2,"win_rate":0.1111111111111111},"84":{"appear":2,"win_count":0,"win_rate":0},"85":{"appear":21,"win_count":5,"win_rate":0.23809523809523808},"86":{"appear":23,"win_count":6,"win_rate":0.2727272727272727},"89":{"appear":50,"win_count":19,"win_rate":0.38},"90":{"appear":37,"win_count":24,"win_rate":0.6666666666666666},"91":{"appear":33,"win_count":27,"win_rate":0.8181818181818182},"92":{"appear":46,"win_count":33,"win_rate":0.7333333333333333},"96":{"appear":54,"win_count":29,"win_rate":0.5686274509803921},"98":{"appear":39,"win_count":8,"win_rate":0.21052631578947367},"99":{"appear":43,"win_count":28,"win_rate":0.6511627906976745},"101":{"appear":25,"win_count":23,"win_rate":0.92},"102":{"appear":16,"win_count":12,"win_rate":0.75},"103":{"appear":64,"win_count":14,"win_rate":0.22950819672131148},"104":{"appear":24,"win_count":14,"win_rate":0.6086956521739131},"105":{"appear":71,"win_count":46,"win_rate":0.6571428571428571},"106":{"appear":4,"win_count":2,"win_rate":0.5},"107":{"appear":35,"win_count":0,"win_rate":0},"110":{"appear":39,"win_count":15,"win_rate":0.38461538461538464},"111":{"appear":10,"win_count":10,"win_rate":1},"112":{"appear":42,"win_count":28,"win_rate":0.6666666666666666},"113":{"appear":16,"win_count":2,"win_rate":0.13333333333333333},"114":{"appear":39,"win_count":15,"win_rate":0.39473684210526316},"115":{"appear":26,"win_count":14,"win_rate":0.5833333333333334},"117":{"appear":95,"win_count":38,"win_rate":0.42696629213483145},"119":{"appear":36,"win_count":17,"win_rate":0.4722222222222222},"120":{"appear":15,"win_count":14,"win_rate":0.9333333333333333},"121":{"appear":187,"win_count":109,"win_rate":0.5828877005347594},"122":{"appear":70,"win_count":23,"win_rate":0.32857142857142857},"126":{"appear":64,"win_count":25,"win_rate":0.390625},"127":{"appear":2,"win_count":0,"win_rate":0},"131":{"appear":21,"win_count":20,"win_rate":0.9523809523809523},"134":{"appear":36,"win_count":19,"win_rate":0.5277777777777778},"136":{"appear":20,"win_count":2,"win_rate":0.1111111111111111},"141":{"appear":266,"win_count":144,"win_rate":0.5454545454545454},"143":{"appear":12,"win_count":12,"win_rate":1},"150":{"appear":32,"win_count":24,"win_rate":0.75},"154":{"appear":3,"win_count":0,"win_rate":0},"157":{"appear":206,"win_count":67,"win_rate":0.33004926108374383},"161":{"appear":43,"win_count":21,"win_rate":0.4883720930232558},"163":{"appear":10,"win_count":0,"win_rate":0},"201":{"appear":25,"win_count":23,"win_rate":0.92},"202":{"appear":203,"win_count":106,"win_rate":0.5221674876847291},"203":{"appear":14,"win_count":14,"win_rate":1},"222":{"appear":109,"win_count":67,"win_rate":0.6261682242990654},"223":{"appear":2,"win_count":0,"win_rate":0},"236":{"appear":104,"win_count":11,"win_rate":0.10679611650485436},"238":{"appear":157,"win_count":80,"win_rate":0.5128205128205128},"240":{"appear":65,"win_count":45,"win_rate":0.7142857142857143},"245":{"appear":42,"win_count":22,"win_rate":0.5238095238095238},"254":{"appear":3,"win_count":1,"win_rate":0.3333333333333333},"267":{"appear":21,"win_count":18,"win_rate":0.8571428571428571},"268":{"appear":30,"win_count":0,"win_rate":0},"412":{"appear":178,"win_count":68,"win_rate":0.38202247191011235},"420":{"appear":4,"win_count":2,"win_rate":0.5},"421":{"appear":14,"win_count":14,"win_rate":1},"427":{"appear":10,"win_count":10,"win_rate":1},"429":{"appear":63,"win_count":15,"win_rate":0.2542372881355932},"432":{"appear":97,"win_count":59,"win_rate":0.6145833333333334},"497":{"appear":79,"win_count":42,"win_rate":0.5384615384615384},"498":{"appear":77,"win_count":49,"win_rate":0.6363636363636364},"516":{"appear":85,"win_count":59,"win_rate":0.6941176470588235}}
